,left_angle_pass_percent,right_angle_pass_percent
0.8,13.88888888888889,17.36111111111111
0.9,13.88888888888889,17.36111111111111
1.0,13.88888888888889,17.36111111111111
1.1,13.88888888888889,17.36111111111111
1.2,13.88888888888889,17.36111111111111
1.3,13.88888888888889,17.36111111111111
1.4,13.88888888888889,17.36111111111111
1.5,13.88888888888889,17.36111111111111
