,left_angle_pass_percent,right_angle_pass_percent
0.8,0.0,90.66666666666666
0.9,0.0,90.66666666666666
1.0,0.0,90.66666666666666
1.1,0.0,90.66666666666666
1.2,0.0,90.66666666666666
1.3,0.0,90.66666666666666
1.4,0.0,90.66666666666666
1.5,0.0,90.66666666666666
