{
  "individual_features": {
    "1": {
      "left_eye_ear_y_diff": -0.027496606111526434,
      "right_eye_ear_y_diff": -0.03786218166351324,
      "face_x_spread": 0.0006272209648889987
    },
    "2": {
      "left_eye_ear_y_diff": -0.02024033665657038,
      "right_eye_ear_y_diff": -0.021275430917739924,
      "face_x_spread": 0.0005159853515768752
    },
    "3": {
      "left_eye_ear_y_diff": -0.020760327577590998,
      "right_eye_ear_y_diff": -0.0202986598014831,
      "face_x_spread": 0.0004391243712303811
    }
  }
}