segment,direction,duration
1,left,21.133333333333333
1,right,11.766666666666667
