person,left_shoulder_z_normal,left_shoulder_z_back,left_shoulder_z_front,right_shoulder_z_normal,right_shoulder_z_back,right_shoulder_z_front,left_wrist_z_normal,left_wrist_z_back,left_wrist_z_front,right_wrist_z_normal,right_wrist_z_back,right_wrist_z_front
1,-0.2915906608104706,-0.1566908210515976,-0.1693150997161865,-0.328988254070282,-0.1953820288181305,-0.2205733805894851,-0.3717643320560455,-0.3821515738964081,-0.4700702130794525,-0.6763363480567932,-0.6480621099472046,-0.6968751549720764
2,-0.1927953362464904,-0.2134494483470916,-0.3649447560310364,-0.1282140463590622,-0.1571155190467834,-0.3280089199542999,-0.5791717171669006,-0.5563154220581055,-0.6467568874359131,-0.5433129072189331,-0.0713121891021728,-0.6814172267913818
3,-0.1997588723897934,-0.122017964720726,-0.1146584972739219,-0.2165382802486419,-0.1290771663188934,-0.1345439404249191,-0.5025818943977356,-0.5574449896812439,-0.4248500466346741,-0.5387951731681824,-0.6742387413978577,-0.4827212691307068
