segment,direction,duration
1,left,10.666666666666666
1,right,7.766666666666667
