segment,direction,duration
1,left,8.066666666666666
1,right,7.966666666666667
